k,w,double_decycling_dna_mean,double_decycling_dna_std,double_decycling_dna_min,double_decycling_dna_max,one_zero_dna_mean,one_zero_dna_std,one_zero_dna_min,one_zero_dna_max,abb_plus_dna_mean,abb_plus_dna_std,abb_plus_dna_min,abb_plus_dna_max,miniception_dna_mean,miniception_dna_std,miniception_dna_min,miniception_dna_max,open_closed_dna_mean,open_closed_dna_std,open_closed_dna_min,open_closed_dna_max
16,72,1.8448552852097326,0.0024551166123348168,1.8410302229119753,1.8471255034818748,1.7977281817854558,0.0033362474445385614,1.7923409757248738,1.800808670887848,1.8144445799951203,0.0031815257927955386,1.8096778515973424,1.8184740349347424,1.95894287805639,0.004491311253267752,1.9523877140422945,1.9635928106588163,1.8694408001311955,0.004565006677914363,1.8645353767264379,1.874682011447588
30,90,1.7661395237214328,0.0028506201106764384,1.7633641486133125,1.7708713107910143,1.8214377353019113,0.0033969333269274413,1.8165512551935163,1.8258783354749035,1.8384539695713695,0.005371514565873038,1.83006414711338,1.8439865206065729,1.933690283937223,0.005272327403476393,1.926701798419071,1.93862226199821,1.785112169952352,0.001060697702249006,1.784020219090141,1.7862951167197476
22,93,1.8298317128253536,0.004558376161233375,1.824361167205725,1.836862585889756,1.8257523025179332,0.004902955641593963,1.8190504141557418,1.832679780390212,1.8421545398138985,0.0051307968592581394,1.8350296711202927,1.8489410242423727,1.9526464019423095,0.00514766614936247,1.9443465878836634,1.9569890000114993,1.8495613953951142,0.002472058243062758,1.8464971378830883,1.8529358384835106
17,40,1.721317773644527,0.0027087631081661916,1.7182141357172855,1.7239745205095898,1.7276644467110658,0.0023117775845090407,1.7243640127197455,1.729632407351853,1.7573068538629226,0.001540882061141942,1.7558513829723406,1.759582308353833,1.9289622207555848,0.004711307988149612,1.9221645567088659,1.933562328753425,1.7645842083158336,0.0015247754347657947,1.7627597448051038,1.7665931681366374
16,79,1.8570226476054195,0.0020034377720477997,1.8543667525132757,1.8595665471213887,1.8090805413186182,0.004476732817460726,1.801288849090461,1.8120484240872488,1.8229279943442234,0.003935019276964157,1.8170082281749873,1.8274878142313378,1.9627544711983878,0.005055838268929325,1.9561227331520405,1.9696421991331343,1.8806617138623025,0.0058681649220916985,1.8758059056667262,1.8881254190459476
25,77,1.7725597564493767,0.0031925219945597937,1.7679189351209978,1.776927588287851,1.8034075688086009,0.003675078298831437,1.7973238030335832,1.8066834426874565,1.8221892457140398,0.0050639967090395106,1.8144831423990178,1.8275476394158825,1.9362520542959096,0.005863901182496072,1.930893660594067,1.9452451080633397,1.7966452291586772,0.0021265091337994307,1.793774939664823,1.7996637129470514
9,62,1.9022260309930392,0.001864438883807497,1.8991391266870727,1.9039269782636736,1.8030356058962174,0.0037361214752945995,1.7989407328372822,1.808957422319908,1.8024686234726723,0.003677097844359773,1.7992872220961151,1.8082329447787118,1.9823406474399292,0.0036967160612995354,1.9777291903950978,1.987399390618891,1.9360370828504316,0.0015925863932655148,1.9340715437821427,1.9380404207469568
13,80,1.882891184352626,0.003552564436105534,1.8791248350065997,1.8872650093996242,1.8132339706411744,0.004799613363081111,1.805134294628215,1.8175672973081076,1.8226214951401947,0.0029742744839960132,1.8181342746290148,1.8260719571217152,1.97480630774769,0.005758792749042471,1.9662368505259789,1.980613775448982,1.911045658173673,0.004236815796990814,1.9056107755689773,1.9169908203671853
9,83,1.9259728721258067,0.002679771846618404,1.9223442227147574,1.9288539525609687,1.840002439898744,0.0029226683356313576,1.835785814888682,1.8439754750177868,1.8376589371541079,0.0027574662439344365,1.835533825346248,1.8420435551924597,1.9857615908939779,0.006017633617024507,1.978159906363886,1.9922293224831171,1.9523225786129879,0.004456112054271757,1.9458212484181907,1.9569087882852862
23,74,1.7842364832501196,0.0042645172444441,1.77750923215841,1.7879338464476813,1.7986884485274044,0.002778239786596179,1.7948335911571272,1.801845831704227,1.8193276848756597,0.004031440938617849,1.8130954154696275,1.8233700353086937,1.9391732505897281,0.004038497858395606,1.9348534104238142,1.9446030496871616,1.8107330028788937,0.002859745584154034,1.8084830861258134,1.8152328363850538
10,25,1.759494206322421,0.002409491037110636,1.7570320370995363,1.7632199597505032,1.688582692716341,0.0014515527977074848,1.6866379170260373,1.690030874614067,1.7197875026562168,0.002799873482228754,1.7168495393807577,1.7240254496818792,1.950695816302296,0.0014447844180443242,1.9487406407419907,1.9524195947550658,1.820767640404495,0.0019267715194614388,1.8188332645841927,1.82355220559743
18,24,1.586993456078527,0.0013009155459160857,1.5858559697283632,1.5892059295288457,1.6754573945112656,0.0004681523416258715,1.6748924012911843,1.6761923856913719,1.7286942556689318,0.001977770966660498,1.726904277148674,1.7316292204493549,1.8950647592228893,0.0021780428190060473,1.8915398015223819,1.897064735223177,1.6368553577357072,0.001042857623836913,1.6350928788854535,1.6377303472358333
16,29,1.6560569871736859,0.0007572736423788602,1.6551510003104954,1.6568759752983582,1.6906404857129573,0.0011501517887204812,1.6890055094201133,1.6919604665732346,1.7322858818547133,0.0014651724282048223,1.7300299145662388,1.7338398593220399,1.9119172771994808,0.0023330087127776075,1.9096823096065108,1.9147222365275705,1.7133021571187217,0.0016256401388297927,1.7114601838273344,1.7151951296706198
26,80,1.7720066197352107,0.0012959481620735715,1.77014369425223,1.7734645614175435,1.8078071877124917,0.005173816650875074,1.7990190392384304,1.811735530578777,1.8262258509659612,0.004260460379952643,1.820280688772449,1.8306077756889725,1.935652473901044,0.0010743144749215954,1.934648114075437,1.9372805087796487,1.7959492620295188,0.004099488405117941,1.7915268389264427,1.8019754209831607
14,92,1.8951691222203777,0.0025791437684872637,1.8925094445655501,1.899205136563718,1.8284539911164086,0.0037668433564404845,1.823739108001032,1.8325272037486275,1.836981698841853,0.003592302092159928,1.8311787657767742,1.8400598572465667,1.97391789977661,0.00467545184153915,1.969184417516794,1.9815063507078674,1.9129964021655006,0.003781165352942885,1.9076677472836252,1.9180832681696645
23,25,1.5676920038499518,0.0008876804607864296,1.5666234172072848,1.5688203897451283,1.6778604267446657,0.0010603596987612005,1.6768100398745016,1.679098011274859,1.7301145735678305,0.002679758136714213,1.7273664079199011,1.734373320333496,1.8411227859651753,0.002205429232890413,1.8383980200247496,1.843506956163048,1.5933744828189647,0.0010613155233284855,1.5921680978987762,1.5946900663741703
27,77,1.7549168357018252,0.0016906197723709896,1.7529825101733583,1.7569603570262544,1.8034075688086009,0.003703009604916511,1.7972458060364678,1.8067224411860143,1.8222126448131746,0.005041481785036539,1.8145611393961332,1.8275476394158825,1.9325627963323413,0.003442862904320653,1.927071807735402,1.9365484428849489,1.7795326879915123,0.0031638576003913256,1.7744316843801515,1.7826603675758483
10,64,1.8953198497648074,0.0035091804590459885,1.891309478096701,1.8998567045854533,1.798934434098109,0.0023680348885830723,1.7964450137595598,1.8013523567245848,1.8004748848036864,0.0026509073201431755,1.7968999992000254,1.8041472672874468,1.9782961945217754,0.003949031531733901,1.9739868324213625,1.982079073469649,1.9238669362580396,0.0026780996706085203,1.921371016127484,1.928130799814406
28,79,1.7538987210005204,0.0026177430423164664,1.7509308382318898,1.757330585441875,1.806392647490424,0.004634866005596516,1.7985689565262173,1.809528523623317,1.8250559102915436,0.004400862407548863,1.8185281681373586,1.829167747873959,1.929667778122764,0.004401880191733943,1.925563940224361,1.936243518381024,1.7764818289677557,0.002747166500459357,1.7732099582066507,1.779409713316324
31,63,1.6726769106773136,0.000969099392420232,1.671531346762577,1.67396327015699,1.7805391130179398,0.002330177058064469,1.7780239922442442,1.783463820889642,1.8023880247772195,0.003642449634265026,1.7991753259772316,1.8063750991843757,1.908099894853312,0.004693936929313374,1.9028840591521368,1.9126757507138525,1.701962388184772,0.0014236854654486057,1.6997544577345813,1.7034343418182327
11,33,1.7858783330075056,0.0010032427350140452,1.7847495516323981,1.7873335089971016,1.7109775688701134,0.001423598370532148,1.7084548104956268,1.7119057535550664,1.7352803678739304,0.0017259948407422,1.7333423998504025,1.73711633758043,1.9534955673231391,0.00280182505529558,1.9505138165220275,1.9566847147022073,1.8399952400785389,0.001731820090412454,1.8379926731208935,1.8414606158998377
30,32,1.5625282995472074,0.0017671055497666221,1.560363534183453,1.564471968448505,1.6996543055311115,0.0011537433764482003,1.6976413377385964,1.700578290747348,1.7389863762179805,0.001304752552566642,1.736696212860594,1.7399631605894306,1.8196964848562422,0.0012433840225295099,1.817495420073279,1.8204323730820307,1.5800642189724965,0.00045740291864906403,1.5795692268923696,1.5807407081486695
29,28,1.5731757755391427,0.0016073075664727174,1.571647496935043,1.5753304453737647,1.6866656866803864,0.0013241974840200353,1.6851954072642983,1.6881678656498809,1.733540630431174,0.0020565292675810264,1.7305942716801965,1.7351617077360917,1.7828602399566407,0.0012007110214047067,1.7816770565212088,1.7847510134858113,1.5747939528846595,0.0015631225034097981,1.57311197643233,1.5768239244650575
8,93,1.9443089896319823,0.0034162271452919434,1.940915747417745,1.9499863256358578,1.8658226392472752,0.005870344994725962,1.8607374757073798,1.8751658047900774,1.8647040912597568,0.0008976459557138864,1.8633693533250704,1.8657662418697532,1.9898310728551123,0.005107151116356108,1.9850936931432688,1.997830100900308,1.9659185847858072,0.006898440343189122,1.9561430393486703,1.973673224195075
9,80,1.9236082556697731,0.00369408721482553,1.9199472021119155,1.928816347346106,1.8347629094836204,0.0026382448923430732,1.8322277108915643,1.8391124355025799,1.8332806687732492,0.003043177736466182,1.8302027918883246,1.837897484100636,1.9856274749010037,0.004174909625666403,1.9789128434862604,1.989604415823367,1.9497864085436583,0.005708504897134476,1.941208851645934,1.9548568057277709
27,34,1.570041809289242,0.001237811740737866,1.5680608429656695,1.5713332873341153,1.705975998408027,0.0017008054403820153,1.7033335433297634,1.7078484665760683,1.7450388343398164,0.0012990744768101785,1.7434953605788701,1.7470128007823869,1.873336153285394,0.0035707241378893466,1.8709281942206983,1.8794330496381562,1.602293761006063,0.0014269717120428361,1.6012402789152584,1.6047402194162699
26,55,1.6861136318751235,0.001204455150568688,1.6848256672941493,1.6878775833664574,1.7649314643847294,0.0019205512564803508,1.7625515298329297,1.7675073935466774,1.7891619980450535,0.004304356882757178,1.7846709215496575,1.7951146343475555,1.9145089510038473,0.004253229577441134,1.910359465114709,1.9204951863823747,1.7176855636469999,0.001990566067121062,1.7153728272472506,1.7199367017407021
10,50,1.8694245643858902,0.0022898796680782627,1.866094347641309,1.8718317042073949,1.7671160220994473,0.003406842708268804,1.762209944751381,1.7704972375690609,1.773246068848279,0.0037022141479057837,1.7705227369315768,1.7796260093497664,1.9744768380790478,0.0032560199799861115,1.9708202294942625,1.9780620484487887,1.904103697407565,0.0033986259774876474,1.898937526561836,1.9068678283042924
25,37,1.5952028887465581,0.0006199827238407535,1.5944315030171943,1.5959704745462209,1.7167398403129543,0.002646024233480656,1.7139202924745893,1.7204751712093327,1.7511596035473347,0.0014156331977854752,1.7498676274488922,1.7534015620711019,1.8972935000702489,0.004213846200732897,1.8922129940596097,1.9029667951142906,1.6367551200302795,0.0012895009792002106,1.6350337518755904,1.6386626847403325
9,35,1.8360794686092994,0.0019396028270701408,1.8327819263162894,1.8376238415827724,1.727242573254968,0.0011303028285162167,1.7256658008484853,1.7286537485594002,1.7377903886681985,0.001232590777482112,1.7363756134267652,1.7392195636576362,1.9694139352561333,0.002750991442970198,1.9647556167767064,1.971523498338779,1.8889373435964871,0.002199588020961498,1.8855030036974352,1.8912989022692102
11,76,1.9002877890640157,0.004468069953440814,1.8942435187462876,1.9042146398436859,1.814651643237557,0.003236694528268119,1.8115486611508764,1.8193638641731615,1.8181088118651487,0.004592522096718152,1.8114716640767652,1.8242531783792217,1.9791712914909234,0.003175370912023882,1.9756679246188646,1.9835216261782052,1.9240721852569602,0.0023601204649641066,1.9200375385735342,1.9260048118171509
19,55,1.7636490996497596,0.0030595741432843733,1.7601715952811299,1.7680113796870587,1.765564246983208,0.0018357760874872049,1.7634755044236283,1.7679553812270161,1.7887028106727065,0.004195635804249288,1.784278932329361,1.7944426528270474,1.9326524520575685,0.004595943758966059,1.9278309846479222,1.9396466597168578,1.7976009659734355,0.0020778371782532046,1.794722645127259,1.7998185049911128
23,86,1.8099484722156949,0.0027516478074698847,1.805302871976505,1.8121320783206323,1.8167602793079898,0.004720459028921117,1.8103051568782542,1.822789120067837,1.8328545872527482,0.0044139993562990875,1.8256599966201452,1.8365780271448329,1.945436446232812,0.003909705192644635,1.9398860848983495,1.9508476135526172,1.835168687746427,0.0031751548998459928,1.831923727279727,1.8399708812521063
18,65,1.8085656216172974,0.002837658346537979,1.8040513683305293,1.811377130243267,1.7851231834965362,0.0023348461076330112,1.782701062215478,1.7882118831137988,1.8042493618957383,0.0037711292198709476,1.7987715399249526,1.8081432353448512,1.9492070507708497,0.002473863374064118,1.9470357213390566,1.9525135433098424,1.8355719439118228,0.0027674278634152194,1.832100456735156,1.8391952261551499
19,32,1.6310781027503558,0.0019163646066325524,1.6284084454648726,1.6330613710180637,1.6998193028911537,0.0011376445332994833,1.6978063350986383,1.700561791011344,1.7382603878337946,0.0012540559196453603,1.7360527231564293,1.7391711732612278,1.8989480168317308,0.001821581316625383,1.8959516647733636,1.900258095870466,1.6841544535287434,0.0010100345436201087,1.6829235732228285,1.685250035999424
12,95,1.9109140315834998,0.0032325671647821103,1.9061814563808221,1.9153010232013978,1.8360375882145596,0.004194599822018083,1.8322169696939394,1.8421524977563566,1.84031898484822,0.003974025722202343,1.835432816941195,1.8437844202400386,1.9812114924541082,0.0066016846629349665,1.9728982873313516,1.9877295828448147,1.9316778453023482,0.0038539509256609425,1.9264844919866304,1.9366600086495889
29,72,1.724190629137351,0.00211557038957775,1.7212780339907763,1.7267163382118242,1.795129475338888,0.0031746094697581327,1.7901145558759886,1.7988377418412937,1.8167001987928437,0.0032778380568703478,1.8117217780159915,1.8202989692371074,1.9219843085648918,0.004271359999600226,1.9166190017159384,1.9265831430068516,1.7482870616657802,0.00145010524455944,1.7462431352471313,1.7494915183053412
25,67,1.7435023926698456,0.0021900122950133114,1.7416256555405394,1.7472694664728732,1.7870277345708918,0.0025339531549041375,1.7838522409499282,1.7903120245471777,1.8095553798947734,0.003227475186019692,1.8043195552948976,1.8124112842219786,1.9279870124350833,0.002357790984971548,1.9251855062855394,1.9304893286074916,1.7701642994959665,0.0031491278712438555,1.765628851433477,1.7744005575813209
21,81,1.8148898969591734,0.001938358831023184,1.8133975573989254,1.8181943631282933,1.8096667084983058,0.004822405184026231,1.8018360256409613,1.8143405192089719,1.8264760277208771,0.004733577454320425,1.8191783232779073,1.8311088400919764,1.9528657089387877,0.0032666956251189497,1.9482000978960352,1.9568507475447243,1.8391855129867243,0.0020099642426960906,1.836684614273122,1.84148142000249
25,84,1.789820827525244,0.003341911124225571,1.7868799510420563,1.7952520994118248,1.8130758508142655,0.005483389738261047,1.8047716995886174,1.8189661034236562,1.8301601332744024,0.004683546252087678,1.8224084588447285,1.8339254751300447,1.9422704246421651,0.006180210781371495,1.935666202019515,1.9508805630163535,1.8124723761602013,0.0019366786794773267,1.8100839764729881,1.8148437765613845
8,15,1.7166687249845627,0.0007660626587865005,1.715627132796504,1.7173471198966008,1.6942048934632994,0.0015294161347267985,1.6919793101551739,1.6958672809953925,1.7525676557425818,0.0017211643627881783,1.7497548768384237,1.7544188418586861,1.95146376402177,0.0025643233343940596,1.9477373919695602,1.9542893428299288,1.806325652557606,0.0017345172445322086,1.804178468661485,1.8081064392017059
28,26,1.5826708252792714,0.0013147124151390351,1.580437954306594,1.583799410607662,1.6813545423909493,0.0015410686802958759,1.6792566696632945,1.6832256180669651,1.7313524924175987,0.002367843818806422,1.7284095306761011,1.734862446788192,1.7702643865629746,0.0023502802875004225,1.7678560178717677,1.773539443987228,1.5729428517429274,0.0016253811125689314,1.5701645878603578,1.5744575320520835
19,50,1.7434475138121548,0.0019176639567320276,1.7409944751381214,1.74571185720357,1.7532545686357843,0.0014981173871936155,1.750939226519337,1.7546876328091796,1.7794628134296644,0.004014331849376544,1.7767700807479812,1.7864853378665535,1.929195070123247,0.002452025912319966,1.927241818954526,1.9333106672333191,1.780651083722907,0.001411983308651532,1.7789120271993202,1.78217594560136
15,52,1.8014602620331872,0.004046098568550333,1.795540315951785,1.806007543803861,1.7608103189317077,0.0016493133710614306,1.7579112943063482,1.7618331923369992,1.7815380800099194,0.004559676007940649,1.777547283770622,1.7892334799295218,1.951292666390674,0.0022725843736245447,1.9475403639505373,1.9535292082405857,1.83921648037151,0.0016571500455714245,1.8371707335609275,1.8417286150560086
16,63,1.8240129435922767,0.001210348919544421,1.822662586128537,1.825350501459204,1.7831054321788862,0.0025457204304364075,1.7801679247103717,1.7858637452920234,1.8001608949318098,0.0033654056595871064,1.7970313935111044,1.804167168734185,1.9536280607160876,0.0064143573870179315,1.9454427185543655,1.9602582518650662,1.854680777555507,0.003800047031702691,1.8498617293555253,1.8601974037817808
17,70,1.828462903798367,0.003798483172809331,1.8227192048278311,1.8332623358182463,1.7941853035143769,0.002890196262947654,1.7894923677671282,1.7974085906993256,1.8115512957046502,0.0036590076352773977,1.8059992900248492,1.8149449769258077,1.9574582889598862,0.004429855234400235,1.9524316648917288,1.964430244941427,1.8542208022719204,0.002636078553984575,1.8506922257720981,1.857188498402556
21,87,1.8255773873836485,0.003597553222351352,1.8201568231781917,1.8302763829773405,1.818335302414345,0.0042830504073590745,1.8120171772527895,1.8233246853761862,1.833945823356684,0.005167911881332189,1.8260965647994312,1.8387240155053257,1.9543597853493373,0.0027709015154978923,1.9508751369315436,1.9573428555857821,1.850084321332022,0.0024551168582167193,1.8465996729142282,1.8526274107076341
7,58,1.9233501228464376,0.004157202985173948,1.9194503359402577,1.92989303310204,1.8225869449785956,0.0019427599984233512,1.8207166992157229,1.825643056351366,1.8183921666271676,0.00179077058817246,1.8158198412246045,1.8205987026376234,1.9917291398549442,0.004991173310856974,1.9839059667269647,1.996826592028831,1.9603479499094525,0.004688768156754528,1.9549968050926525,1.9670324560587744
24,89,1.8093784826575217,0.003163074379724459,1.8050046772918604,1.8135542968337908,1.8212039564239393,0.003983911382125607,1.8146792467735184,1.824893792226246,1.8366922671941097,0.005242063934532997,1.828178646050251,1.841678045326983,1.9460554005346764,0.004201786663913923,1.9412586139916774,1.9520131354154742,1.8318594822530396,0.0032212721031587726,1.826153736158741,1.8338933917440674
11,43,1.8313154267183258,0.0018065483284335788,1.8287326822473318,1.8336165772435893,1.7449804829196172,0.0020293892938511014,1.7415485567060307,1.7469384408235222,1.758725787395571,0.0023135303419994434,1.7561122435867627,1.7616561243933253,1.964685359264776,0.002500863423188306,1.961323831537622,1.9670657080872762,1.8723885436463117,0.001620411149152445,1.8697398005942873,1.8736337168750872
21,90,1.8303735331910065,0.004528749277909435,1.8236034378452972,1.8361153748081336,1.822001909914054,0.0033624495321251035,1.8172337244823984,1.826606302716378,1.8381354839032245,0.005407427358867589,1.8296546655400507,1.8437135328910197,1.9562845671944764,0.002572626601337809,1.9534090965906534,1.9593238304276308,1.8548423320950556,0.00212056580986121,1.8522671479783408,1.8579543920523576
29,81,1.7504897051669406,0.0031481546186085865,1.7468572522812824,1.7545649401199253,1.809199327427239,0.00489768024595718,1.8012210505474529,1.8136845457758959,1.8267302174261943,0.0047720728803740745,1.8194243133153107,1.8313548301293798,1.9289472776352556,0.0036095539806677217,1.9245030576261661,1.933604689010095,1.7746705258437032,0.0041591193913403535,1.7716202493799,1.7812958575177704
23,29,1.5748181651366056,0.001415974701409734,1.5732671876257793,1.5767771367315175,1.689647500111248,0.001200797936433114,1.6880155237749053,1.6908654824505045,1.7337708603225253,0.0014614053387372657,1.7314848934690446,1.7353398375723552,1.877198780617681,0.002075576441999779,1.8735478335564135,1.878497761782454,1.6112856363582728,0.0011231121581071813,1.6094466630233861,1.6122216227864696
14,81,1.8797492701545586,0.0027442256275549575,1.8751410567872002,1.882069776174065,1.8135041530818001,0.005246073582264016,1.8058128645789844,1.818440353165697,1.8233273552421128,0.004039678555776841,1.8165954278851706,1.8269680077956842,1.9728892979834316,0.004347312829733518,1.9683712809631209,1.9800558077397867,1.9026591423047368,0.0036163928625723755,1.8984691120009638,1.9069557682913842
16,76,1.85191822710737,0.0014592926205077709,1.8507016733364132,1.8535890636155825,1.8041646417436137,0.003389773779379764,1.7983051644037527,1.8063513586483713,1.8190019779248392,0.004340921320336148,1.811664156762043,1.8226747383599424,1.9611616758563177,0.003838421916495331,1.9555716882758454,1.9663127801143556,1.8766265881896487,0.005860800103491211,1.8699894404012647,1.8834639283707217
32,73,1.7021598711647024,0.0025578619738482046,1.6993479737989563,1.7062667212646738,1.7963806321069282,0.003095595443419492,1.792214584167678,1.80046528301717,1.8180692404727228,0.0040396697261359995,1.8119348643774502,1.8224054821998996,1.9155902809547452,0.003047687259972431,1.9121642060064807,1.9187499656262545,1.726467983918587,0.0017499226991984672,1.7246550500906717,1.729020890737488
29,80,1.7476184952601894,0.003189668456898311,1.7444272229110838,1.7520814167433303,1.8078152873885045,0.005174086096965445,1.7990190392384304,1.8118165273389064,1.8262744490220393,0.00424634736613402,1.8203616855325788,1.8306482740690373,1.9281197752089916,0.0040127539450730085,1.9235515579376825,1.93306867725291,1.7714072437102515,0.0040492709894649455,1.7672278108875645,1.776947422103116
18,39,1.7010308298988168,0.0013568375731753467,1.6993668623461842,1.7024068030673403,1.7242583769616495,0.002625462086639897,1.7212064364744886,1.7267463284465954,1.7547297827692359,0.0014127286232523786,1.7538258003968923,1.757225734098185,1.9192105753937798,0.0033579279688794005,1.9134426878675868,1.9220425201708566,1.745801956861841,0.0018860385123686434,1.7434660024129531,1.7479059158346413
24,33,1.5830580795416878,0.0018620164565818372,1.5808719156133926,1.5854108407211283,1.7024845090056016,0.0018491209976281683,1.6996149563532204,1.7039838842659096,1.7418388596588155,0.0019646778159038143,1.7393942999940502,1.7439502248212904,1.8893556256321773,0.0017618550629257962,1.8873088594038199,1.8919157833895741,1.623123018470195,0.0008174549823327731,1.6220622359731065,1.6238812059601018
24,84,1.799969401285146,0.0026052480406613026,1.7957195797776493,1.8026892870499438,1.8131438479583857,0.005495760330715356,1.8048566960187673,1.819093598068881,1.8301176350593273,0.004657928452943475,1.8224084588447285,1.8338829769149696,1.943800360384864,0.004364051465210897,1.9386835752898377,1.9493506272736547,1.8213630027538845,0.0023415706635207946,1.8174786658960325,1.8235134124366774
15,59,1.8223862396059314,0.003332940831930867,1.8184263564224854,1.8266161148246125,1.7762656001647952,0.002533868817723723,1.7735476803434298,1.7790675175082333,1.7941870714813912,0.003790290539741955,1.790467181218154,1.7984469458150985,1.9559183004101381,0.0018296263259664478,1.9527023952793394,1.957202262533255,1.8554332647186906,0.001973522283631136,1.8538553112683176,1.858475174982338
14,76,1.8719990640355668,0.0019768539564262453,1.8697199506418758,1.87422427947738,1.8060433703519265,0.003467220225168532,1.8010770590717553,1.8094697401498743,1.8174235379055594,0.004329724923429621,1.8097777284463192,1.8202878290624955,1.9707093130461044,0.0029982427333520296,1.9675832318371902,1.974589965581308,1.8954831716394775,0.0029292302022889843,1.890894146022451,1.8987478475817918
25,30,1.5684369734453987,0.0012394969379044723,1.566964495532567,1.5700024499632506,1.6925560116598253,0.0012180588715837175,1.690947135792963,1.6943415848762269,1.7355430668539973,0.0020428376045336575,1.7327810082848758,1.738283425748614,1.8638470422943656,0.0016431581254808636,1.862049069263961,1.866435503467448,1.6006516902246468,0.0011298682010076413,1.5994210086848697,1.6023659645105324
7,78,1.9398562456064217,0.005400134284212131,1.9319091555429337,1.9471160624735635,1.8621153775002774,0.002152756636915165,1.859310986871512,1.8644062881547618,1.8576994497214607,0.005199818810386907,1.849989350415334,1.8639718050996013,1.9920416103771952,0.004731133993864777,1.9876414819822026,1.9987405491185843,1.9708309375934339,0.0011072257331398339,1.9690377075294063,1.9718025996986117
22,31,1.5884137795864164,0.0008832239903837935,1.5872713972933419,1.5895593618298915,1.6961369098778967,0.0013149713289449323,1.694085741671004,1.6976216868638536,1.7369138778348934,0.0016185629389199154,1.7341971199446409,1.7382450572016135,1.8940282425622403,0.0036333988973981067,1.8896987096700002,1.8988665675682026,1.6342210695734216,0.0014763445505999232,1.6321027024081127,1.6356226478489584
23,54,1.7133467396380297,0.0028818119790455505,1.7108663066097216,1.7180986113374939,1.762718906589522,0.0018189672773093106,1.7600074797980456,1.7646548543189333,1.787275743554924,0.004015814412160016,1.7832993509175252,1.793199083624742,1.9227205865441632,0.00501380924441526,1.915460782558871,1.9269829714597704,1.7490352760475467,0.00343553673159132,1.7443329030116188,1.7528576728428333
26,99,1.811520329743678,0.0028506044116087988,1.8080605010052004,1.8142101965952686,1.8326692828704978,0.005103104134806884,1.8269095679763852,1.840408899759462,1.8471085681258779,0.006647508942723239,1.8365590903250288,1.8550081770952336,1.9460536703433178,0.0035105241653622266,1.9417038856576598,1.9491535169009133,1.8295494373028536,0.00434567375105088,1.8256596298483223,1.8369090730008863
7,94,1.9494318767017949,0.006678513804514375,1.9392863535413833,1.9556255855974767,1.8832389877675748,0.0037608815171653242,1.8780142333310335,1.8876087823872278,1.8805411145676154,0.0025373323459033552,1.8768742869085153,1.8835239743732044,1.9939657836081703,0.0032485486933765554,1.9900139693434409,1.998516069744722,1.9739027265718512,0.003318459330996102,1.9707773734634473,1.9791369805619137
12,53,1.8483926175956338,0.0029252450786004863,1.8443211254901744,1.8519349237245213,1.7677025558822692,0.003052555394165928,1.7627022883893577,1.7708830715986028,1.7803220214664315,0.003844370090535932,1.77666091848566,1.7857056787995118,1.9641061511869935,0.003711129982711922,1.960661042482374,1.9698947977878585,1.8806459628819838,0.0023123117905241796,1.8788262111054057,1.8846310572769822
8,32,1.8531942488920177,0.0013452901678657093,1.8513363786179422,1.8550323194828882,1.7232027287563398,0.0017998860123078382,1.7205099718404506,1.7250803987136205,1.7300996184061055,0.0012615232453204006,1.7287598398425625,1.7315317954912721,1.9778563542983314,0.0017709375031798075,1.9755298915217356,1.9804468128509944,1.9001029983520266,0.0028827026821509967,1.8961166621334058,1.9039705364714163
31,53,1.6257673171660951,0.0016865802787568126,1.6244929509368002,1.628677840037239,1.7599321617977126,0.0017991128777671728,1.7569514407868194,1.7616493162931182,1.7856354806597625,0.00449080163433797,1.7808458075860991,1.7924015013602137,1.8960355550577908,0.0044597309961928585,1.8911648841305704,1.900425638720574,1.6599214120825798,0.001741966553109762,1.658728043706842,1.6629129328072807
25,26,1.5666087340864567,0.0010686882638764215,1.5654936485825683,1.567923616992979,1.6813275427419445,0.0015248408838217467,1.6792431698387922,1.6832121182424629,1.7305668026315657,0.0023877789544552016,1.7275050424344485,1.7340119578445479,1.820556632763774,0.0011392924129095686,1.8194523471194874,1.8224898076325007,1.5858297842128053,0.001131394833103214,1.584271904465242,1.5870258686637073
7,5,1.7248936877657806,0.0017940444272657161,1.7228176929557675,1.7269036827407933,1.691803770490574,0.0008329477960746826,1.6908647728380677,1.6930637673405817,2.0408108979727553,0.000936771376746368,2.0394339014152467,2.041899895250262,1.9251959870100326,0.0023259342531797653,1.9230251924370187,1.9282661793345515,1.7531602170994574,0.0020757448678461257,1.7503696240759397,1.7555866110334724
27,64,1.714996120124156,0.0029454530206289432,1.7106477592717033,1.7187400003199897,1.7819634771687305,0.002560682958521784,1.7789605732616556,1.7853303694281784,1.8040042718633003,0.00324482220490822,1.8004098868836196,1.8073646643307413,1.9218520007359765,0.004842639489671252,1.9150987168410611,1.9259533694921762,1.7423602444721769,0.0016098306627846163,1.7405468025023199,1.7449016631467793
23,56,1.7228223609738926,0.002581074408236125,1.7197558468362886,1.7256551816549137,1.7666028351206164,0.002630694018451624,1.7635021219405858,1.7694584551632555,1.7911292483810457,0.0035831782744661558,1.7873844532353096,1.7959342138420122,1.9251552956517215,0.004484184389752003,1.9190222673765134,1.9287689944681548,1.7567250116996724,0.0033007071537879493,1.7537268956469219,1.7607946977484632
32,91,1.7528238465149837,0.0028906674645292683,1.749898379623727,1.7570280552234876,1.8225566736713479,0.004114769254074999,1.8169633281685682,1.828232815406899,1.8392815126911728,0.005560555317270354,1.8313146751822793,1.8455740263817997,1.927625093058266,0.0050129700108775465,1.921010594017972,1.9324180749775886,1.773550503452093,0.002429281819686328,1.770551439909484,1.7767151594602446
27,90,1.7877965491552879,0.003825752908994914,1.7828372723227455,1.7934837932293048,1.8214650340734668,0.00338218449398614,1.8165512551935163,1.8258328375223116,1.838399372028259,0.005365325683212131,1.8300186491607877,1.8439410226539807,1.9410154543045564,0.0032954779831225467,1.93584688689009,1.9442640081196345,1.8066054027568756,0.004447829209099476,1.7996260168292426,1.811364488598013
10,58,1.8863345962967073,0.0017733378282735852,1.8845823471119338,1.8887417264899318,1.7868398816434325,0.003139033340370172,1.781305842130578,1.78873962655083,1.7900434887388266,0.0032081184289176317,1.7860257052545476,1.7940494725652956,1.9770680650261145,0.0023839068890209,1.9745252387680756,1.9806315616847112,1.91678951310412,0.0033419679648545556,1.9128720267112254,1.919686329096456
14,72,1.8665136055102018,0.0005183584460365401,1.8661048202264718,1.8673822742381276,1.7995823150366586,0.002695545958778319,1.795479862724942,1.802597106504166,1.812904335443924,0.0031832002140751033,1.8078164186089303,1.8163206124579514,1.9676660640216952,0.002300807226983319,1.9640672935774313,1.9699800807170942,1.8905808390897927,0.002346243874349462,1.8868360739013397,1.8927853597270496
7,48,1.9099202619137141,0.0028973286806156687,1.9059807564618447,1.9137225706583043,1.793822448261242,0.0023237017486283187,1.7911030135276753,1.7958069006343846,1.7936950513187682,0.002110891290676997,1.791470504707887,1.7968113765269635,1.9902832332024034,0.005626683476751593,1.9841828796108896,1.9979515491628201,1.9514761645720504,0.002961187489951407,1.946992772173468,1.9538526075374192
8,18,1.7563897924918674,0.0009237268622527027,1.7554797006826939,1.7577311804193763,1.6884540039139644,0.001864533386129959,1.6870518165336512,1.6913647777170007,1.7259672662946035,0.0008340091754053423,1.7253174721427507,1.7271984552139032,1.9589317696140736,0.0030751811658711243,1.9557473982734155,1.962729835431481,1.8339660943051512,0.0016315726334606628,1.8314885166033505,1.8351554836006476
17,98,1.875938279024328,0.0029401309334779976,1.8718992769354301,1.8793239131282569,1.8331426760088756,0.0047609102623824085,1.8278959330992783,1.839973341306276,1.8450121944024744,0.005610435999474338,1.8359145401875308,1.8506153198493274,1.9688254275540498,0.00468444272138737,1.9638162730026227,1.975794686060383,1.8924011723425551,0.005675453291781695,1.8860060857018004,1.8990734454011753
31,30,1.572160017599736,0.002044453999310099,1.5701729474057888,1.574590381144283,1.692596311055334,0.0012124345754478193,1.6909626355604666,1.6943260851087234,1.736116558251626,0.0019916567972930047,1.7333544996825048,1.7387794183087253,1.7804737928931065,0.0015087413497594474,1.7779783303250452,1.7816362754558681,1.573235701464478,0.0008840032556339972,1.5717694234586481,1.5740323895141572
16,42,1.7485410806373067,0.0016953590270378368,1.74707481142896,1.7509447301606667,1.73421808142029,0.0014854149934625273,1.7323261211514558,1.7355295538793685,1.761225814257901,0.0013836258231538468,1.7601680364712342,1.7630704755200142,1.9354366558302274,0.002355079032404227,1.932422419129198,1.9373888148348883,1.7890892291261884,0.003169685370907405,1.7852150104847797,1.7920518669107948
13,57,1.8423348934555368,0.002539175317365771,1.8388665923021192,1.8458263939477724,1.77435503088162,0.0025265587140171704,1.771182521298143,1.777562339473325,1.7891156102051091,0.003435673947080917,1.785363117151161,1.792989899787856,1.9638298308498208,0.003669478461573013,1.9594161566395358,1.9676809210937487,1.8774412929231517,0.002385823179260882,1.8741295873067618,1.8805964030025144
26,92,1.7988255540245148,0.002221070004430373,1.7963053699529823,1.8015596282571,1.8240366943120616,0.0039849507928931315,1.8180663689470282,1.8290398641662484,1.840943316607436,0.00468302948935794,1.83448011391476,1.8471275321335219,1.941443793585495,0.0033696676241527076,1.938356335608562,1.946586457022977,1.8190428240300947,0.0028882995201551975,1.8154159908644203,1.823274129390048
21,63,1.7696658555255511,0.001960757656682283,1.7670483379773536,1.7716881918219576,1.7808591029382577,0.00227222136388857,1.7785039771247206,1.7836238158498008,1.8020936340505274,0.003561776741099603,1.7989513330330094,1.8061511062401534,1.9388829251878565,0.0025662114314053274,1.9347870542077925,1.9415388415264918,1.7995593138816126,0.0027241461912626387,1.7952714489493582,1.8023432261883752
22,90,1.824176712047958,0.0042443274202337835,1.8185986630601623,1.8302006409711562,1.8218199181036856,0.0034836995271993764,1.8169152388142533,1.826606302716378,1.8381536830842613,0.005324465818119902,1.8298366573504194,1.8437135328910197,1.9506337214825333,0.005357275243167859,1.9418981145848435,1.9549560269787858,1.8458428370723319,0.0034222506248583404,1.8403921823517941,1.8489002994865231
17,53,1.7807108111635042,0.0025163709768315054,1.77666091848566,1.783545736037995,1.7615089200136196,0.001653075154744855,1.7588413907031466,1.7633232719332936,1.7845987081342347,0.004184279394760928,1.780062828335049,1.7910245378497471,1.9431493065433767,0.0026293893339837155,1.9393316077123954,1.9454604452981998,1.8155776871912892,0.0016976947437928095,1.813352946146927,1.8175378352473661
25,64,1.7334685290070717,0.0023046093923258537,1.7305696217721032,1.7362894387379604,1.7819634771687305,0.002569432810213498,1.778993072221689,1.785297870468145,1.803991272279287,0.0032474088811969806,1.8003448889635532,1.8073321653707082,1.926824341621068,0.001703547002402691,1.9240684298102462,1.9281632987744393,1.7618596204921442,0.00292304614871688,1.7579012471600908,1.7647585277271127
15,93,1.881482311072535,0.004975623806224725,1.8732388943914107,1.8864452802944665,1.8285251735794286,0.0038487451297711294,1.8231862218406845,1.8336197366822442,1.8395226621962077,0.004276103851579955,1.833055762907025,1.8447112209282268,1.9727050692142813,0.0023755059221475905,1.9703833771729615,1.9761171105543591,1.9075942968651958,0.0012676348271510195,1.9053853995789196,1.9085812509718296
14,48,1.8045727902530337,0.0025145874731553864,1.8012212706895034,1.8076401166372007,1.7518451557162629,0.0027194678406784237,1.7476900554386694,1.7543783949185219,1.7731204451093174,0.00272797404904769,1.7705725062598499,1.7774568410358151,1.9535586145932498,0.002910175420368133,1.9498592033791189,1.9575520187515498,1.8403958305000683,0.0024963566442274343,1.837088409878163,1.8431397646456484
32,62,1.660433226569976,0.0021908697418955413,1.6573526220687158,1.66248696290415,1.7786175628555516,0.0026616581690538043,1.7761039407778358,1.7819627591544662,1.8018701420255971,0.0038452683746756067,1.7982792533431464,1.8066894926257286,1.9040277751389705,0.0028706828257833725,1.9009660700518285,1.907549365969655,1.6893178311472343,0.0038231692455765226,1.685449751057717,1.694741962999147
9,10,1.6144993275033623,0.0005752718840812355,1.6138184309078454,1.6153804230978845,1.693240233798831,0.001194207295093169,1.6923360383198085,1.6950970245148775,1.874121129394353,0.0012099189480807872,1.8725096374518126,1.8752816235918819,1.9133689331553345,0.002019665989561407,1.9100689496552516,1.9152169239153805,1.6982540087299562,0.0013998159361517128,1.6965875170624147,1.7004264978675105
23,47,1.6789813439384176,0.0011405919755236745,1.6780885649187245,1.6809204983682884,1.745310985191848,0.001550983861223978,1.7426230483583636,1.7464869575564972,1.7735775209282583,0.002710257913472303,1.7710863794700824,1.7773742317055548,1.913153440894139,0.005949551673335727,1.9047632380639055,1.9207708618847457,1.7182636208049111,0.0015761253892313544,1.716751656336076,1.7209275582023822
13,94,1.8997397122335251,0.0040161040766801895,1.8946859497603612,1.904660480957395,1.8326253666077694,0.005663757770495144,1.826669146550112,1.840823481296379,1.8385530880048637,0.004218673535400046,1.8316089143810241,1.8421059210217121,1.9791844783295187,0.005901967942970183,1.9707298756958422,1.985739170258998,1.922605137558535,0.005838497775319392,1.9129725902882566,1.928646853597881
8,6,1.7039453881638356,0.00019635845706206305,1.703665389003833,1.7041518875443373,1.6676490970527087,0.0005826804552221833,1.6670939987180038,1.6684799945600164,2.024935725192824,0.0014560953278198834,2.02333692998921,2.026115921652235,1.9039718880843357,0.0007479896009064857,1.9027237918286246,1.9044807865576403,1.6938087185738442,0.0007874447470007854,1.693221420335739,1.6950554148337555
20,19,1.585284939793072,0.0014914113242001311,1.583724954612931,1.5875549182282769,1.6649761827262641,0.0019042586751415315,1.6630642008900915,1.6679841541505356,1.7464094091106133,0.0007210201955707087,1.7458234146775606,1.7476233975777231,1.8060408426119952,0.0018995397976607348,1.8033428682427517,1.8078428254931578,1.5911888837056047,0.0011852650790690035,1.5896548982784664,1.5924948712987228
16,74,1.848501605440599,0.00181904992611942,1.8466566737030732,1.8504815321833092,1.8011558572332824,0.0027059607850848035,1.7969710120725535,1.8041332470698586,1.817257761462826,0.00397883074562915,1.8111079890044068,1.8219825866442942,1.9600749772258426,0.0038401398868935306,1.9541276972752006,1.9642148240515103,1.8735056802898291,0.005355676243379387,1.867543400894167,1.8792054693976323
27,73,1.7451523019409791,0.0034376902552603877,1.7398244964058813,1.7491111574427534,1.7964176307564774,0.003130553666718832,1.7921775855181286,1.8005392803162685,1.8180470412829934,0.004028046901609921,1.811897865727901,1.8223684835503504,1.928273418020242,0.00431780739525642,1.92108088054786,1.9326614578567884,1.76913482657883,0.0012621366842303138,1.7676844795164977,1.7703113836344972
